iter	Logloss
0	0.487278245
1	0.3376041511
2	0.2299278423
3	0.1543668657
4	0.1029266594
5	0.07042026444
6	0.04987881615
7	0.03402798152
8	0.02423555184
9	0.01815016633
10	0.01329321665
11	0.01004354895
12	0.007576525763
13	0.005834253126
14	0.004553667447
15	0.003610172059
16	0.00291324727
17	0.002366065928
18	0.001942824152
19	0.001626666798
20	0.001377250472
21	0.001174879778
22	0.00100931827
23	0.0008755724361
24	0.0007622248433
25	0.0006757200639
26	0.0006016407143
27	0.0005393490685
28	0.0004859033402
29	0.0004392567418
30	0.0003991136936
31	0.0003644553469
32	0.0003372018248
33	0.0003131761362
34	0.000291713277
35	0.0002725839742
36	0.0002553969667
37	0.0002399378201
38	0.0002259152968
39	0.0002153007302
40	0.0002055615389
41	0.0001964725967
42	0.0001880936024
43	0.0001802905877
44	0.0001729628908
45	0.0001662236112
46	0.0001599463726
47	0.0001539132003
48	0.0001498248804
49	0.0001459420695
50	0.00014230326
51	0.0001389273985
52	0.000135625659
53	0.0001323579426
54	0.0001292398022
55	0.0001262919483
56	0.000123418851
57	0.0001207376721
58	0.000118251197
59	0.0001158381412
60	0.000113555081
61	0.0001123776802
62	0.0001111262346
63	0.0001099237949
64	0.0001086830813
65	0.0001074775293
66	0.000106299153
67	0.0001051512331
68	0.0001039962696
69	0.0001028566369
70	0.0001017781811
71	0.0001007125111
72	9.968274786e-05
73	9.868844259e-05
74	9.772365975e-05
75	9.678726175e-05
76	9.585275569e-05
77	9.496878164e-05
78	9.409807771e-05
79	9.323708161e-05
80	9.24037619e-05
81	9.157716417e-05
82	9.077874052e-05
83	9.000467213e-05
84	9.000467213e-05
85	8.919061043e-05
86	8.919061043e-05
87	8.918984369e-05
88	8.91862269e-05
89	8.91862269e-05
90	8.91862269e-05
91	8.91862269e-05
92	8.91862269e-05
93	8.91862269e-05
94	8.917745918e-05
95	8.917745918e-05
96	8.917523301e-05
97	8.917523301e-05
98	8.918392537e-05
99	8.918392537e-05
100	8.916637485e-05
101	8.915853115e-05
102	8.917409338e-05
103	8.917409338e-05
104	8.917145042e-05
105	8.917145042e-05
106	8.917616489e-05
107	8.917616489e-05
108	8.917616489e-05
109	8.917616489e-05
110	8.916582503e-05
111	8.915929855e-05
112	8.915929855e-05
113	8.915929855e-05
114	8.915929855e-05
115	8.915929855e-05
116	8.915929724e-05
117	8.915141553e-05
118	8.915141553e-05
119	8.915141553e-05
120	8.915141553e-05
121	8.915141553e-05
122	8.915141553e-05
123	8.915141553e-05
124	8.915997944e-05
125	8.915008389e-05
126	8.914677117e-05
127	8.914677117e-05
128	8.913583167e-05
129	8.913583167e-05
130	8.913922565e-05
131	8.913943904e-05
132	8.913943904e-05
133	8.913943904e-05
134	8.913943904e-05
135	8.913943904e-05
136	8.913943904e-05
137	8.913943904e-05
138	8.913943904e-05
139	8.916219618e-05
140	8.916219618e-05
141	8.912639919e-05
142	8.912639919e-05
143	8.915553143e-05
144	8.914490125e-05
145	8.914490125e-05
146	8.91313699e-05
147	8.91313699e-05
148	8.909819293e-05
149	8.909819293e-05
150	8.909819293e-05
151	8.912528905e-05
152	8.912528905e-05
153	8.912528905e-05
154	8.913989359e-05
155	8.913989359e-05
156	8.913989359e-05
157	8.913989359e-05
158	8.913989359e-05
159	8.913989359e-05
160	8.913989359e-05
161	8.913989359e-05
162	8.914479549e-05
163	8.914479549e-05
164	8.911917387e-05
165	8.911917387e-05
166	8.91373889e-05
167	8.91373889e-05
168	8.91373889e-05
169	8.91373889e-05
170	8.91389191e-05
171	8.91389191e-05
172	8.91389191e-05
173	8.913488093e-05
174	8.913488093e-05
175	8.913488093e-05
176	8.913488093e-05
177	8.912341782e-05
178	8.911766398e-05
179	8.911766398e-05
180	8.911766398e-05
181	8.911766398e-05
182	8.911766398e-05
183	8.912468917e-05
184	8.912468917e-05
185	8.911504789e-05
186	8.911504789e-05
187	8.911504789e-05
188	8.911504789e-05
189	8.911504789e-05
190	8.911504789e-05
191	8.911504789e-05
192	8.911504789e-05
193	8.91118125e-05
194	8.91118125e-05
195	8.91118125e-05
196	8.91118125e-05
197	8.910982356e-05
198	8.911873676e-05
199	8.911873676e-05
200	8.911597781e-05
201	8.911597781e-05
202	8.911597781e-05
203	8.909876544e-05
204	8.909876544e-05
205	8.909876544e-05
206	8.909876544e-05
207	8.909309221e-05
208	8.910276495e-05
209	8.910276495e-05
210	8.910276495e-05
211	8.910276495e-05
212	8.910686276e-05
213	8.910411559e-05
214	8.91068929e-05
215	8.91068929e-05
216	8.91068929e-05
217	8.909831588e-05
218	8.909831588e-05
219	8.905994539e-05
220	8.905994539e-05
221	8.909243557e-05
222	8.907088161e-05
223	8.907088161e-05
224	8.909798035e-05
225	8.909138375e-05
226	8.909138375e-05
227	8.909138375e-05
228	8.909769069e-05
229	8.909769069e-05
230	8.909769069e-05
231	8.908532388e-05
232	8.908532388e-05
233	8.910134091e-05
234	8.910134091e-05
235	8.910134091e-05
236	8.910134091e-05
237	8.910134091e-05
238	8.910134091e-05
239	8.910134091e-05
240	8.910134091e-05
241	8.910134091e-05
242	8.910134091e-05
243	8.910134091e-05
244	8.910134091e-05
245	8.910445047e-05
246	8.907135673e-05
247	8.907135673e-05
248	8.907135673e-05
249	8.907135673e-05
250	8.907135673e-05
251	8.907135673e-05
252	8.908255771e-05
253	8.908255771e-05
254	8.907646244e-05
255	8.907646244e-05
256	8.907646244e-05
257	8.907646244e-05
258	8.907646244e-05
259	8.907646244e-05
260	8.90763648e-05
261	8.90763648e-05
262	8.90763648e-05
263	8.90763648e-05
264	8.90763648e-05
265	8.90763648e-05
266	8.90763648e-05
267	8.90763648e-05
268	8.90763648e-05
269	8.90763648e-05
270	8.90763648e-05
271	8.90763648e-05
272	8.90763648e-05
273	8.906021473e-05
274	8.906021473e-05
275	8.906021473e-05
276	8.906021473e-05
277	8.906021473e-05
278	8.905008457e-05
279	8.9064363e-05
280	8.905818516e-05
281	8.905818516e-05
282	8.905818516e-05
283	8.905818516e-05
284	8.90647988e-05
285	8.905912294e-05
286	8.908504732e-05
287	8.908504732e-05
288	8.908504732e-05
289	8.908504732e-05
290	8.906712524e-05
291	8.906712524e-05
292	8.906712524e-05
293	8.906712524e-05
294	8.906712524e-05
295	8.906712524e-05
296	8.906712524e-05
297	8.906712524e-05
298	8.906712524e-05
299	8.906712524e-05
300	8.906712524e-05
301	8.906491152e-05
302	8.906491152e-05
303	8.906491152e-05
304	8.906491152e-05
305	8.906491152e-05
306	8.906491152e-05
307	8.906491152e-05
308	8.905885491e-05
309	8.905885491e-05
310	8.905885491e-05
311	8.905885491e-05
312	8.905885491e-05
313	8.905885491e-05
314	8.905885491e-05
315	8.905885491e-05
316	8.905885491e-05
317	8.905885491e-05
318	8.904839774e-05
319	8.904839774e-05
320	8.904839774e-05
321	8.904839774e-05
322	8.904839774e-05
323	8.904839774e-05
324	8.904839774e-05
325	8.904839774e-05
326	8.904839774e-05
327	8.904839774e-05
328	8.904839774e-05
329	8.904839774e-05
330	8.904839774e-05
331	8.904839774e-05
332	8.904839774e-05
333	8.904839774e-05
334	8.904839774e-05
335	8.904839774e-05
336	8.904839774e-05
337	8.904839774e-05
338	8.904839774e-05
339	8.904839774e-05
340	8.904839774e-05
341	8.904839774e-05
342	8.904839774e-05
343	8.904839774e-05
344	8.904839774e-05
345	8.904839774e-05
346	8.904839774e-05
347	8.904839774e-05
348	8.904839774e-05
349	8.904839774e-05
350	8.904839774e-05
351	8.904839774e-05
352	8.904839774e-05
353	8.904839774e-05
354	8.904839774e-05
355	8.904839774e-05
356	8.904839774e-05
357	8.904839774e-05
358	8.904839774e-05
359	8.904839774e-05
360	8.904839774e-05
361	8.904839774e-05
362	8.904839774e-05
363	8.904839774e-05
364	8.904839774e-05
365	8.904839774e-05
366	8.904839774e-05
367	8.904839774e-05
368	8.904839774e-05
369	8.904839774e-05
370	8.904839774e-05
371	8.904839774e-05
372	8.904839774e-05
373	8.904839774e-05
374	8.904839774e-05
375	8.904839774e-05
376	8.904839774e-05
377	8.904839774e-05
378	8.904839774e-05
379	8.904839774e-05
380	8.904839774e-05
381	8.904839774e-05
382	8.904839774e-05
383	8.904839774e-05
384	8.904839774e-05
385	8.904839774e-05
386	8.904839774e-05
387	8.904839774e-05
388	8.904839774e-05
389	8.904839774e-05
390	8.904839774e-05
391	8.904839774e-05
392	8.904839774e-05
393	8.904839774e-05
394	8.904839774e-05
395	8.904839774e-05
396	8.904839774e-05
397	8.904839774e-05
398	8.904839774e-05
399	8.904839774e-05
400	8.904839774e-05
401	8.904839774e-05
402	8.904839774e-05
403	8.904839774e-05
404	8.904839774e-05
405	8.904839774e-05
406	8.904839774e-05
407	8.904839774e-05
408	8.904839774e-05
409	8.904839774e-05
410	8.904839774e-05
411	8.904839774e-05
412	8.904839774e-05
413	8.904839774e-05
414	8.904839774e-05
415	8.904839774e-05
416	8.904839774e-05
417	8.904839774e-05
418	8.904839774e-05
419	8.904839774e-05
420	8.904839774e-05
421	8.904839774e-05
422	8.904839774e-05
423	8.904839774e-05
424	8.904839774e-05
425	8.904839774e-05
426	8.904839774e-05
427	8.904839774e-05
428	8.904839774e-05
429	8.904839774e-05
430	8.904839774e-05
431	8.904839774e-05
432	8.904839774e-05
433	8.904839774e-05
434	8.904839774e-05
435	8.904839774e-05
436	8.904839774e-05
437	8.904839774e-05
438	8.904839774e-05
439	8.904839774e-05
440	8.904839774e-05
441	8.904839774e-05
442	8.904839774e-05
443	8.904839774e-05
444	8.904839774e-05
445	8.904839774e-05
446	8.904839774e-05
447	8.904839774e-05
448	8.904839774e-05
449	8.904839774e-05
450	8.904839774e-05
451	8.904839774e-05
452	8.904839774e-05
453	8.904839774e-05
454	8.904839774e-05
455	8.904839774e-05
456	8.904839774e-05
457	8.904839774e-05
458	8.904839774e-05
459	8.904839774e-05
460	8.904839774e-05
461	8.904839774e-05
462	8.904839774e-05
463	8.904839774e-05
464	8.904839774e-05
465	8.904839774e-05
466	8.904839774e-05
467	8.904839774e-05
468	8.904839774e-05
469	8.904839774e-05
470	8.904839774e-05
471	8.904839774e-05
472	8.904839774e-05
473	8.904839774e-05
474	8.904839774e-05
475	8.904839774e-05
476	8.904839774e-05
477	8.904839774e-05
478	8.904839774e-05
479	8.904839774e-05
480	8.904839774e-05
481	8.904839774e-05
482	8.904839774e-05
483	8.904839774e-05
484	8.904839774e-05
485	8.904839774e-05
486	8.904839774e-05
487	8.904839774e-05
488	8.904839774e-05
489	8.904839774e-05
490	8.904839774e-05
491	8.904839774e-05
492	8.904839774e-05
493	8.904839774e-05
494	8.904839774e-05
495	8.904839774e-05
496	8.904839774e-05
497	8.904839774e-05
498	8.904839774e-05
499	8.904839774e-05
500	8.904839774e-05
501	8.904839774e-05
502	8.904839774e-05
503	8.904839774e-05
504	8.904839774e-05
505	8.904839774e-05
506	8.904839774e-05
507	8.904839774e-05
508	8.904839774e-05
509	8.904839774e-05
510	8.904839774e-05
511	8.904839774e-05
512	8.904839774e-05
513	8.904839774e-05
514	8.904839774e-05
515	8.904839774e-05
516	8.904839774e-05
517	8.904839774e-05
518	8.904839774e-05
519	8.904839774e-05
520	8.904839774e-05
521	8.904839774e-05
522	8.904839774e-05
523	8.904839774e-05
524	8.904839774e-05
525	8.904839774e-05
526	8.904839774e-05
527	8.904839774e-05
528	8.904839774e-05
529	8.904839774e-05
530	8.904839774e-05
531	8.904839774e-05
532	8.904839774e-05
533	8.904839774e-05
534	8.904839774e-05
535	8.904839774e-05
536	8.904839774e-05
537	8.904839774e-05
538	8.904839774e-05
539	8.904839774e-05
540	8.904839774e-05
541	8.904839774e-05
542	8.904839774e-05
543	8.904839774e-05
544	8.904839774e-05
545	8.904839774e-05
546	8.904839774e-05
547	8.904839774e-05
548	8.904839774e-05
549	8.904839774e-05
550	8.904839774e-05
551	8.904839774e-05
552	8.904839774e-05
553	8.904839774e-05
554	8.904839774e-05
555	8.904839774e-05
556	8.904839774e-05
557	8.904839774e-05
558	8.904839774e-05
559	8.904839774e-05
560	8.904839774e-05
561	8.904839774e-05
562	8.904839774e-05
563	8.904839774e-05
564	8.904839774e-05
565	8.904839774e-05
566	8.904839774e-05
567	8.904839774e-05
568	8.904839774e-05
569	8.904839774e-05
570	8.904839774e-05
571	8.904839774e-05
572	8.904839774e-05
573	8.904839774e-05
574	8.904839774e-05
575	8.904839774e-05
576	8.904839774e-05
577	8.904839774e-05
578	8.904839774e-05
579	8.904839774e-05
580	8.904839774e-05
581	8.904839774e-05
582	8.904839774e-05
583	8.904839774e-05
584	8.904839774e-05
585	8.904839774e-05
586	8.904839774e-05
587	8.904839774e-05
588	8.904839774e-05
589	8.904839774e-05
590	8.904839774e-05
591	8.904839774e-05
592	8.904839774e-05
593	8.904839774e-05
594	8.904839774e-05
595	8.904839774e-05
596	8.904839774e-05
597	8.904839774e-05
598	8.904839774e-05
599	8.904839774e-05
600	8.904839774e-05
601	8.904839774e-05
602	8.904839774e-05
603	8.904839774e-05
604	8.904839774e-05
605	8.904839774e-05
606	8.904839774e-05
607	8.904839774e-05
608	8.904839774e-05
609	8.904839774e-05
610	8.904839774e-05
611	8.904839774e-05
612	8.904839774e-05
613	8.904839774e-05
614	8.904839774e-05
615	8.904839774e-05
616	8.904839774e-05
617	8.904839774e-05
618	8.904839774e-05
619	8.904839774e-05
620	8.904839774e-05
621	8.904839774e-05
622	8.904839774e-05
623	8.904839774e-05
624	8.904839774e-05
625	8.904839774e-05
626	8.904839774e-05
627	8.904839774e-05
628	8.904839774e-05
629	8.904839774e-05
630	8.904839774e-05
631	8.904839774e-05
632	8.904839774e-05
633	8.904839774e-05
634	8.904839774e-05
635	8.904839774e-05
636	8.904839774e-05
637	8.904839774e-05
638	8.904839774e-05
639	8.904839774e-05
640	8.904839774e-05
641	8.904839774e-05
642	8.904839774e-05
643	8.904839774e-05
644	8.904839774e-05
645	8.904839774e-05
646	8.904839774e-05
647	8.904839774e-05
648	8.904839774e-05
649	8.904839774e-05
650	8.904839774e-05
651	8.904839774e-05
652	8.904839774e-05
653	8.904839774e-05
654	8.904839774e-05
655	8.904839774e-05
656	8.904839774e-05
657	8.904839774e-05
658	8.904839774e-05
659	8.904839774e-05
660	8.904839774e-05
661	8.904839774e-05
662	8.904839774e-05
663	8.904839774e-05
664	8.904839774e-05
665	8.904839774e-05
666	8.904839774e-05
667	8.904839774e-05
668	8.904839774e-05
669	8.904839774e-05
670	8.904839774e-05
671	8.904839774e-05
672	8.904839774e-05
673	8.904839774e-05
674	8.904839774e-05
675	8.904839774e-05
676	8.904839774e-05
677	8.904839774e-05
678	8.904839774e-05
679	8.904839774e-05
680	8.904839774e-05
681	8.904839774e-05
682	8.904839774e-05
683	8.904839774e-05
684	8.904839774e-05
685	8.904839774e-05
686	8.904839774e-05
687	8.904839774e-05
688	8.904839774e-05
689	8.904839774e-05
690	8.904839774e-05
691	8.904839774e-05
692	8.904839774e-05
693	8.904839774e-05
694	8.904839774e-05
695	8.904839774e-05
696	8.904839774e-05
697	8.904839774e-05
698	8.904839774e-05
699	8.904839774e-05
700	8.904839774e-05
701	8.904839774e-05
702	8.904839774e-05
703	8.904839774e-05
704	8.904839774e-05
705	8.904839774e-05
706	8.904839774e-05
707	8.904839774e-05
708	8.904839774e-05
709	8.904839774e-05
710	8.904839774e-05
711	8.904839774e-05
712	8.904839774e-05
713	8.904839774e-05
714	8.904839774e-05
715	8.904839774e-05
716	8.904839774e-05
717	8.904839774e-05
718	8.904839774e-05
719	8.904839774e-05
720	8.904839774e-05
721	8.904839774e-05
722	8.904839774e-05
723	8.904839774e-05
724	8.904839774e-05
725	8.904839774e-05
726	8.904839774e-05
727	8.904839774e-05
728	8.904839774e-05
729	8.904839774e-05
730	8.904839774e-05
731	8.904839774e-05
732	8.904839774e-05
733	8.904839774e-05
734	8.904839774e-05
735	8.904839774e-05
736	8.904839774e-05
737	8.904839774e-05
738	8.904839774e-05
739	8.904839774e-05
740	8.904839774e-05
741	8.904839774e-05
742	8.904839774e-05
743	8.904839774e-05
744	8.904839774e-05
745	8.904839774e-05
746	8.904839774e-05
747	8.904839774e-05
748	8.904839774e-05
749	8.904839774e-05
750	8.904839774e-05
751	8.904839774e-05
752	8.904839774e-05
753	8.904839774e-05
754	8.904839774e-05
755	8.904839774e-05
756	8.904839774e-05
757	8.904839774e-05
758	8.904839774e-05
759	8.904839774e-05
760	8.904839774e-05
761	8.904839774e-05
762	8.904839774e-05
763	8.904839774e-05
764	8.904839774e-05
765	8.904839774e-05
766	8.904839774e-05
767	8.904839774e-05
768	8.904839774e-05
769	8.904839774e-05
770	8.904839774e-05
771	8.904839774e-05
772	8.904839774e-05
773	8.904839774e-05
774	8.904839774e-05
775	8.904839774e-05
776	8.904839774e-05
777	8.904839774e-05
778	8.904839774e-05
779	8.904839774e-05
780	8.904839774e-05
781	8.904839774e-05
782	8.904839774e-05
783	8.904839774e-05
784	8.904839774e-05
785	8.904839774e-05
786	8.904839774e-05
787	8.904839774e-05
788	8.904839774e-05
789	8.904839774e-05
790	8.904839774e-05
791	8.904839774e-05
792	8.904839774e-05
793	8.904839774e-05
794	8.904839774e-05
795	8.904839774e-05
796	8.904839774e-05
797	8.904839774e-05
798	8.904839774e-05
799	8.904839774e-05
800	8.904839774e-05
801	8.904839774e-05
802	8.904839774e-05
803	8.904839774e-05
804	8.904839774e-05
805	8.904839774e-05
806	8.904839774e-05
807	8.904839774e-05
808	8.904839774e-05
809	8.904839774e-05
810	8.904839774e-05
811	8.904839774e-05
812	8.904839774e-05
813	8.904839774e-05
814	8.904839774e-05
815	8.904839774e-05
816	8.904839774e-05
817	8.904839774e-05
818	8.904839774e-05
819	8.904839774e-05
820	8.904839774e-05
821	8.904839774e-05
822	8.904839774e-05
823	8.904839774e-05
824	8.904839774e-05
825	8.904839774e-05
826	8.904839774e-05
827	8.904839774e-05
828	8.904839774e-05
829	8.904839774e-05
830	8.904839774e-05
831	8.904839774e-05
832	8.904839774e-05
833	8.904839774e-05
834	8.904839774e-05
835	8.904839774e-05
836	8.904839774e-05
837	8.904839774e-05
838	8.904839774e-05
839	8.904839774e-05
840	8.904839774e-05
841	8.904839774e-05
842	8.904839774e-05
843	8.904839774e-05
844	8.904839774e-05
845	8.904839774e-05
846	8.904839774e-05
847	8.904839774e-05
848	8.904839774e-05
849	8.904839774e-05
850	8.904839774e-05
851	8.904839774e-05
852	8.904839774e-05
853	8.904839774e-05
854	8.904839774e-05
855	8.904839774e-05
856	8.904839774e-05
857	8.904839774e-05
858	8.904839774e-05
859	8.904839774e-05
860	8.904839774e-05
861	8.904839774e-05
862	8.904839774e-05
863	8.904839774e-05
864	8.904839774e-05
865	8.904839774e-05
866	8.904839774e-05
867	8.904839774e-05
868	8.904839774e-05
869	8.904839774e-05
870	8.904839774e-05
871	8.904839774e-05
872	8.904839774e-05
873	8.904839774e-05
874	8.904839774e-05
875	8.904839774e-05
876	8.904839774e-05
877	8.904839774e-05
878	8.904839774e-05
879	8.904839774e-05
880	8.904839774e-05
881	8.904839774e-05
882	8.904839774e-05
883	8.904839774e-05
884	8.904839774e-05
885	8.904839774e-05
886	8.904839774e-05
887	8.904839774e-05
888	8.904839774e-05
889	8.904839774e-05
890	8.904839774e-05
891	8.904839774e-05
892	8.904839774e-05
893	8.904839774e-05
894	8.904839774e-05
895	8.904839774e-05
896	8.904839774e-05
897	8.904839774e-05
898	8.904839774e-05
899	8.904839774e-05
900	8.904839774e-05
901	8.904839774e-05
902	8.904839774e-05
903	8.904839774e-05
904	8.904839774e-05
905	8.904839774e-05
906	8.904839774e-05
907	8.904839774e-05
908	8.904839774e-05
909	8.904839774e-05
910	8.904839774e-05
911	8.904839774e-05
912	8.904839774e-05
913	8.904839774e-05
914	8.904839774e-05
915	8.904839774e-05
916	8.904839774e-05
917	8.904839774e-05
918	8.904839774e-05
919	8.904839774e-05
920	8.904839774e-05
921	8.904839774e-05
922	8.904839774e-05
923	8.904839774e-05
924	8.904839774e-05
925	8.904839774e-05
926	8.904839774e-05
927	8.904839774e-05
928	8.904839774e-05
929	8.904839774e-05
930	8.904839774e-05
931	8.904839774e-05
932	8.904839774e-05
933	8.904839774e-05
934	8.904839774e-05
935	8.904839774e-05
936	8.904839774e-05
937	8.904839774e-05
938	8.904839774e-05
939	8.904839774e-05
940	8.904839774e-05
941	8.904839774e-05
942	8.904839774e-05
943	8.904839774e-05
944	8.904839774e-05
945	8.904839774e-05
946	8.904839774e-05
947	8.904839774e-05
948	8.904839774e-05
949	8.904839774e-05
950	8.904839774e-05
951	8.904839774e-05
952	8.904839774e-05
953	8.904839774e-05
954	8.904839774e-05
955	8.904839774e-05
956	8.904839774e-05
957	8.904839774e-05
958	8.904839774e-05
959	8.904839774e-05
960	8.904839774e-05
961	8.904839774e-05
962	8.904839774e-05
963	8.904839774e-05
964	8.904839774e-05
965	8.904839774e-05
966	8.904839774e-05
967	8.904839774e-05
968	8.904839774e-05
969	8.904839774e-05
970	8.904839774e-05
971	8.904839774e-05
972	8.904839774e-05
973	8.904839774e-05
974	8.904839774e-05
975	8.904839774e-05
976	8.904839774e-05
977	8.904839774e-05
978	8.904839774e-05
979	8.904839774e-05
980	8.904839774e-05
981	8.904839774e-05
982	8.904839774e-05
983	8.904839774e-05
984	8.904839774e-05
985	8.904839774e-05
986	8.904839774e-05
987	8.904839774e-05
988	8.904839774e-05
989	8.904839774e-05
990	8.904839774e-05
991	8.904839774e-05
992	8.904839774e-05
993	8.904839774e-05
994	8.904839774e-05
995	8.904839774e-05
996	8.904839774e-05
997	8.904839774e-05
998	8.904839774e-05
999	8.904839774e-05
1000	8.904839774e-05
1001	8.904839774e-05
1002	8.904839774e-05
1003	8.904839774e-05
1004	8.904839774e-05
1005	8.904839774e-05
1006	8.904839774e-05
1007	8.904839774e-05
1008	8.904839774e-05
1009	8.904839774e-05
1010	8.904839774e-05
1011	8.904839774e-05
1012	8.904839774e-05
1013	8.904839774e-05
1014	8.904839774e-05
1015	8.904839774e-05
1016	8.904839774e-05
1017	8.904839774e-05
1018	8.904839774e-05
1019	8.904839774e-05
1020	8.904839774e-05
1021	8.904839774e-05
1022	8.904839774e-05
1023	8.904839774e-05
1024	8.904839774e-05
1025	8.904839774e-05
1026	8.904839774e-05
1027	8.904839774e-05
1028	8.904839774e-05
1029	8.904839774e-05
1030	8.904839774e-05
1031	8.904839774e-05
1032	8.904839774e-05
1033	8.904839774e-05
1034	8.904839774e-05
1035	8.904839774e-05
1036	8.904839774e-05
1037	8.904839774e-05
1038	8.904839774e-05
1039	8.904839774e-05
1040	8.904839774e-05
1041	8.904839774e-05
1042	8.904839774e-05
1043	8.904839774e-05
1044	8.904839774e-05
1045	8.904839774e-05
1046	8.904839774e-05
1047	8.904839774e-05
1048	8.904839774e-05
1049	8.904839774e-05
1050	8.904839774e-05
1051	8.904839774e-05
1052	8.904839774e-05
1053	8.904839774e-05
1054	8.904839774e-05
1055	8.904839774e-05
1056	8.904839774e-05
1057	8.904839774e-05
1058	8.904839774e-05
1059	8.904839774e-05
1060	8.904839774e-05
1061	8.904839774e-05
1062	8.904839774e-05
1063	8.904839774e-05
1064	8.904839774e-05
1065	8.904839774e-05
1066	8.904839774e-05
1067	8.904839774e-05
1068	8.904839774e-05
1069	8.904839774e-05
1070	8.904839774e-05
1071	8.904839774e-05
1072	8.904839774e-05
1073	8.904839774e-05
1074	8.904839774e-05
1075	8.904839774e-05
1076	8.904839774e-05
1077	8.904839774e-05
1078	8.904839774e-05
1079	8.904839774e-05
1080	8.904839774e-05
1081	8.904839774e-05
1082	8.904839774e-05
1083	8.904839774e-05
1084	8.904839774e-05
1085	8.904839774e-05
1086	8.904839774e-05
1087	8.904839774e-05
1088	8.904839774e-05
1089	8.904839774e-05
1090	8.904839774e-05
1091	8.904839774e-05
1092	8.904839774e-05
1093	8.904839774e-05
1094	8.904839774e-05
1095	8.904839774e-05
1096	8.904839774e-05
1097	8.904839774e-05
1098	8.904839774e-05
1099	8.904839774e-05
1100	8.904839774e-05
1101	8.904839774e-05
1102	8.904839774e-05
1103	8.904839774e-05
1104	8.904839774e-05
1105	8.904839774e-05
1106	8.904839774e-05
1107	8.904839774e-05
1108	8.904839774e-05
1109	8.904839774e-05
1110	8.904839774e-05
1111	8.904839774e-05
1112	8.904839774e-05
1113	8.904839774e-05
1114	8.904839774e-05
1115	8.904839774e-05
1116	8.904839774e-05
1117	8.904839774e-05
1118	8.904839774e-05
1119	8.904839774e-05
1120	8.904839774e-05
1121	8.904839774e-05
1122	8.904839774e-05
1123	8.904839774e-05
1124	8.904839774e-05
1125	8.904839774e-05
1126	8.904839774e-05
1127	8.904839774e-05
1128	8.904839774e-05
1129	8.904839774e-05
1130	8.904839774e-05
1131	8.904839774e-05
1132	8.904839774e-05
1133	8.904839774e-05
1134	8.904839774e-05
1135	8.904839774e-05
1136	8.904839774e-05
1137	8.904839774e-05
1138	8.904839774e-05
1139	8.904839774e-05
1140	8.904839774e-05
1141	8.904839774e-05
1142	8.904839774e-05
1143	8.904839774e-05
1144	8.904839774e-05
1145	8.904839774e-05
1146	8.904839774e-05
1147	8.904839774e-05
1148	8.904839774e-05
1149	8.904839774e-05
1150	8.904839774e-05
1151	8.904839774e-05
1152	8.904839774e-05
1153	8.904839774e-05
1154	8.904839774e-05
1155	8.904839774e-05
1156	8.904839774e-05
1157	8.904839774e-05
1158	8.904839774e-05
1159	8.904839774e-05
1160	8.904839774e-05
1161	8.904839774e-05
1162	8.904839774e-05
1163	8.904839774e-05
1164	8.904839774e-05
1165	8.904839774e-05
1166	8.904839774e-05
1167	8.904839774e-05
1168	8.904839774e-05
1169	8.904839774e-05
1170	8.904839774e-05
1171	8.904839774e-05
1172	8.904839774e-05
1173	8.904839774e-05
1174	8.904839774e-05
1175	8.904839774e-05
1176	8.904839774e-05
1177	8.904839774e-05
1178	8.904839774e-05
1179	8.904839774e-05
1180	8.904839774e-05
1181	8.904839774e-05
1182	8.904839774e-05
1183	8.904839774e-05
1184	8.904839774e-05
1185	8.904839774e-05
1186	8.904839774e-05
1187	8.904839774e-05
1188	8.904839774e-05
1189	8.904839774e-05
1190	8.904839774e-05
1191	8.904839774e-05
1192	8.904839774e-05
1193	8.904839774e-05
1194	8.904839774e-05
1195	8.904839774e-05
1196	8.904839774e-05
1197	8.904839774e-05
1198	8.904839774e-05
1199	8.904839774e-05
1200	8.904839774e-05
1201	8.904839774e-05
1202	8.904839774e-05
1203	8.904839774e-05
1204	8.904839774e-05
1205	8.904839774e-05
1206	8.904839774e-05
1207	8.904839774e-05
1208	8.904839774e-05
1209	8.904839774e-05
1210	8.904839774e-05
1211	8.904839774e-05
1212	8.904839774e-05
1213	8.904839774e-05
1214	8.904839774e-05
1215	8.904839774e-05
1216	8.904839774e-05
1217	8.904839774e-05
1218	8.904839774e-05
1219	8.904839774e-05
1220	8.904839774e-05
1221	8.904839774e-05
1222	8.904839774e-05
1223	8.904839774e-05
1224	8.904839774e-05
1225	8.904839774e-05
1226	8.904839774e-05
1227	8.904839774e-05
1228	8.904839774e-05
1229	8.904839774e-05
1230	8.904839774e-05
1231	8.904839774e-05
1232	8.904839774e-05
1233	8.904839774e-05
1234	8.904839774e-05
1235	8.904839774e-05
1236	8.904839774e-05
1237	8.904839774e-05
1238	8.904839774e-05
1239	8.904839774e-05
1240	8.904839774e-05
1241	8.904839774e-05
1242	8.904839774e-05
1243	8.904839774e-05
1244	8.904839774e-05
1245	8.904839774e-05
1246	8.904839774e-05
1247	8.904839774e-05
1248	8.904839774e-05
1249	8.904839774e-05
1250	8.904839774e-05
1251	8.904839774e-05
1252	8.904839774e-05
1253	8.904839774e-05
1254	8.904839774e-05
1255	8.904839774e-05
1256	8.904839774e-05
1257	8.904839774e-05
1258	8.904839774e-05
1259	8.904839774e-05
1260	8.904839774e-05
1261	8.904839774e-05
1262	8.904839774e-05
1263	8.904839774e-05
1264	8.904839774e-05
1265	8.904839774e-05
1266	8.904839774e-05
1267	8.904839774e-05
1268	8.904839774e-05
1269	8.904839774e-05
1270	8.904839774e-05
1271	8.904839774e-05
1272	8.904839774e-05
1273	8.904839774e-05
1274	8.904839774e-05
1275	8.904839774e-05
1276	8.904839774e-05
1277	8.904839774e-05
1278	8.904839774e-05
1279	8.904839774e-05
1280	8.904839774e-05
1281	8.904839774e-05
1282	8.904839774e-05
1283	8.904839774e-05
1284	8.904839774e-05
1285	8.904839774e-05
1286	8.904839774e-05
1287	8.904839774e-05
1288	8.904839774e-05
1289	8.904839774e-05
1290	8.904839774e-05
1291	8.904839774e-05
1292	8.904839774e-05
1293	8.904839774e-05
1294	8.904839774e-05
1295	8.904839774e-05
1296	8.904839774e-05
1297	8.904839774e-05
1298	8.904839774e-05
1299	8.904839774e-05
1300	8.904839774e-05
1301	8.904839774e-05
1302	8.904839774e-05
1303	8.904839774e-05
1304	8.904839774e-05
1305	8.904839774e-05
1306	8.904839774e-05
1307	8.904839774e-05
1308	8.904839774e-05
1309	8.904839774e-05
1310	8.904839774e-05
1311	8.904839774e-05
1312	8.904839774e-05
1313	8.904839774e-05
1314	8.904839774e-05
1315	8.904839774e-05
1316	8.904839774e-05
1317	8.904839774e-05
1318	8.904839774e-05
1319	8.904839774e-05
1320	8.904839774e-05
1321	8.904839774e-05
1322	8.904839774e-05
1323	8.904839774e-05
1324	8.904839774e-05
1325	8.904839774e-05
1326	8.904839774e-05
1327	8.904839774e-05
1328	8.904839774e-05
1329	8.904839774e-05
1330	8.904839774e-05
1331	8.904839774e-05
1332	8.904839774e-05
1333	8.904839774e-05
1334	8.904839774e-05
1335	8.904839774e-05
1336	8.904839774e-05
1337	8.904839774e-05
1338	8.904839774e-05
1339	8.904839774e-05
1340	8.904839774e-05
1341	8.904839774e-05
1342	8.904839774e-05
1343	8.904839774e-05
1344	8.904839774e-05
1345	8.904839774e-05
1346	8.904839774e-05
1347	8.904839774e-05
1348	8.904839774e-05
1349	8.904839774e-05
1350	8.904839774e-05
1351	8.904839774e-05
1352	8.904839774e-05
1353	8.904839774e-05
1354	8.904839774e-05
1355	8.904839774e-05
1356	8.904839774e-05
1357	8.904839774e-05
1358	8.904839774e-05
1359	8.904839774e-05
1360	8.904839774e-05
1361	8.904839774e-05
1362	8.904839774e-05
1363	8.904839774e-05
1364	8.904839774e-05
1365	8.904839774e-05
1366	8.904839774e-05
1367	8.904839774e-05
1368	8.904839774e-05
1369	8.904839774e-05
1370	8.904839774e-05
1371	8.904839774e-05
1372	8.904839774e-05
1373	8.904839774e-05
1374	8.904839774e-05
1375	8.904839774e-05
1376	8.904839774e-05
1377	8.904839774e-05
1378	8.904839774e-05
1379	8.904839774e-05
1380	8.904839774e-05
1381	8.904839774e-05
1382	8.904839774e-05
1383	8.904839774e-05
1384	8.904839774e-05
1385	8.904839774e-05
1386	8.904839774e-05
1387	8.904839774e-05
1388	8.904839774e-05
1389	8.904839774e-05
1390	8.904839774e-05
1391	8.904839774e-05
1392	8.904839774e-05
1393	8.904839774e-05
1394	8.904839774e-05
1395	8.904839774e-05
1396	8.904839774e-05
1397	8.904839774e-05
1398	8.904839774e-05
1399	8.904839774e-05
1400	8.904839774e-05
1401	8.904839774e-05
1402	8.904839774e-05
1403	8.904839774e-05
1404	8.904839774e-05
1405	8.904839774e-05
1406	8.904839774e-05
1407	8.904839774e-05
1408	8.904839774e-05
1409	8.904839774e-05
1410	8.904839774e-05
1411	8.904839774e-05
1412	8.904839774e-05
1413	8.904839774e-05
1414	8.904839774e-05
1415	8.904839774e-05
1416	8.904839774e-05
1417	8.904839774e-05
1418	8.904839774e-05
1419	8.904839774e-05
1420	8.904839774e-05
1421	8.904839774e-05
1422	8.904839774e-05
1423	8.904839774e-05
1424	8.904839774e-05
1425	8.904839774e-05
1426	8.904839774e-05
1427	8.904839774e-05
1428	8.904839774e-05
1429	8.904839774e-05
1430	8.904839774e-05
1431	8.904839774e-05
1432	8.904839774e-05
1433	8.904839774e-05
1434	8.904839774e-05
1435	8.904839774e-05
1436	8.904839774e-05
1437	8.904839774e-05
1438	8.904839774e-05
1439	8.904839774e-05
1440	8.904839774e-05
1441	8.904839774e-05
1442	8.904839774e-05
1443	8.904839774e-05
1444	8.904839774e-05
1445	8.904839774e-05
1446	8.904839774e-05
1447	8.904839774e-05
1448	8.904839774e-05
1449	8.904839774e-05
1450	8.904839774e-05
1451	8.904839774e-05
1452	8.904839774e-05
1453	8.904839774e-05
1454	8.904839774e-05
1455	8.904839774e-05
1456	8.904839774e-05
1457	8.904839774e-05
1458	8.904839774e-05
1459	8.904839774e-05
1460	8.904839774e-05
1461	8.904839774e-05
1462	8.904839774e-05
1463	8.904839774e-05
1464	8.904839774e-05
1465	8.904839774e-05
1466	8.904839774e-05
1467	8.904839774e-05
1468	8.904839774e-05
1469	8.904839774e-05
1470	8.904839774e-05
1471	8.904839774e-05
1472	8.904839774e-05
1473	8.904839774e-05
1474	8.904839774e-05
1475	8.904839774e-05
1476	8.904839774e-05
1477	8.904839774e-05
1478	8.904839774e-05
1479	8.904839774e-05
1480	8.904839774e-05
1481	8.904839774e-05
1482	8.904839774e-05
1483	8.904839774e-05
1484	8.904839774e-05
1485	8.904839774e-05
1486	8.904839774e-05
1487	8.904839774e-05
1488	8.904839774e-05
1489	8.904839774e-05
1490	8.904839774e-05
1491	8.904839774e-05
1492	8.904839774e-05
1493	8.904839774e-05
1494	8.904839774e-05
1495	8.904839774e-05
1496	8.904839774e-05
1497	8.904839774e-05
1498	8.904839774e-05
1499	8.904839774e-05
1500	8.904839774e-05
1501	8.904839774e-05
1502	8.904839774e-05
1503	8.904839774e-05
1504	8.904839774e-05
1505	8.904839774e-05
1506	8.904839774e-05
1507	8.904839774e-05
1508	8.904839774e-05
1509	8.904839774e-05
1510	8.904839774e-05
1511	8.904839774e-05
1512	8.904839774e-05
1513	8.904839774e-05
1514	8.904839774e-05
1515	8.904839774e-05
1516	8.904839774e-05
1517	8.904839774e-05
1518	8.904839774e-05
1519	8.904839774e-05
1520	8.904839774e-05
1521	8.904839774e-05
1522	8.904839774e-05
1523	8.904839774e-05
1524	8.904839774e-05
1525	8.904839774e-05
1526	8.904839774e-05
1527	8.904839774e-05
1528	8.904839774e-05
1529	8.904839774e-05
1530	8.904839774e-05
1531	8.904839774e-05
1532	8.904839774e-05
1533	8.904839774e-05
1534	8.904839774e-05
1535	8.904839774e-05
1536	8.904839774e-05
1537	8.904839774e-05
1538	8.904839774e-05
1539	8.904839774e-05
1540	8.904839774e-05
1541	8.904839774e-05
1542	8.904839774e-05
1543	8.904839774e-05
1544	8.904839774e-05
1545	8.904839774e-05
1546	8.904839774e-05
1547	8.904839774e-05
1548	8.904839774e-05
1549	8.904839774e-05
1550	8.904839774e-05
1551	8.904839774e-05
1552	8.904839774e-05
1553	8.904839774e-05
1554	8.904839774e-05
1555	8.904839774e-05
1556	8.904839774e-05
1557	8.904839774e-05
1558	8.904839774e-05
1559	8.904839774e-05
1560	8.904839774e-05
1561	8.904839774e-05
1562	8.904839774e-05
1563	8.904839774e-05
1564	8.904839774e-05
1565	8.904839774e-05
1566	8.904839774e-05
1567	8.904839774e-05
1568	8.904839774e-05
1569	8.904839774e-05
1570	8.904839774e-05
1571	8.904839774e-05
1572	8.904839774e-05
1573	8.904839774e-05
1574	8.904839774e-05
1575	8.904839774e-05
1576	8.904839774e-05
1577	8.904839774e-05
1578	8.904839774e-05
1579	8.904839774e-05
1580	8.904839774e-05
1581	8.904839774e-05
1582	8.904839774e-05
1583	8.904839774e-05
1584	8.904839774e-05
1585	8.904839774e-05
1586	8.904839774e-05
1587	8.904839774e-05
1588	8.904839774e-05
1589	8.904839774e-05
1590	8.904839774e-05
1591	8.904839774e-05
1592	8.904839774e-05
1593	8.904839774e-05
1594	8.904839774e-05
1595	8.904839774e-05
1596	8.904839774e-05
1597	8.904839774e-05
1598	8.904839774e-05
1599	8.904839774e-05
1600	8.904839774e-05
1601	8.904839774e-05
1602	8.904839774e-05
1603	8.904839774e-05
1604	8.904839774e-05
1605	8.904839774e-05
1606	8.904839774e-05
1607	8.904839774e-05
1608	8.904839774e-05
1609	8.904839774e-05
1610	8.904839774e-05
1611	8.904839774e-05
1612	8.904839774e-05
1613	8.904839774e-05
1614	8.904839774e-05
1615	8.904839774e-05
1616	8.904839774e-05
1617	8.904839774e-05
1618	8.904839774e-05
1619	8.904839774e-05
1620	8.904839774e-05
1621	8.904839774e-05
1622	8.904839774e-05
1623	8.904839774e-05
1624	8.904839774e-05
1625	8.904839774e-05
1626	8.904839774e-05
1627	8.904839774e-05
1628	8.904839774e-05
1629	8.904839774e-05
1630	8.904839774e-05
1631	8.904839774e-05
1632	8.904839774e-05
1633	8.904839774e-05
1634	8.904839774e-05
1635	8.904839774e-05
1636	8.904839774e-05
1637	8.904839774e-05
1638	8.904839774e-05
1639	8.904839774e-05
1640	8.904839774e-05
1641	8.904839774e-05
1642	8.904839774e-05
1643	8.904839774e-05
1644	8.904839774e-05
1645	8.904839774e-05
1646	8.904839774e-05
1647	8.904839774e-05
1648	8.904839774e-05
1649	8.904839774e-05
1650	8.904839774e-05
1651	8.904839774e-05
1652	8.904839774e-05
1653	8.904839774e-05
1654	8.904839774e-05
1655	8.904839774e-05
1656	8.904839774e-05
1657	8.904839774e-05
1658	8.904839774e-05
1659	8.904839774e-05
1660	8.904839774e-05
1661	8.904839774e-05
1662	8.904839774e-05
1663	8.904839774e-05
1664	8.904839774e-05
1665	8.904839774e-05
1666	8.904839774e-05
1667	8.904839774e-05
1668	8.904839774e-05
1669	8.904839774e-05
1670	8.904839774e-05
1671	8.904839774e-05
1672	8.904839774e-05
1673	8.904839774e-05
1674	8.904839774e-05
1675	8.904839774e-05
1676	8.904839774e-05
1677	8.904839774e-05
1678	8.904839774e-05
1679	8.904839774e-05
1680	8.904839774e-05
1681	8.904839774e-05
1682	8.904839774e-05
1683	8.904839774e-05
1684	8.904839774e-05
1685	8.904839774e-05
1686	8.904839774e-05
1687	8.904839774e-05
1688	8.904839774e-05
1689	8.904839774e-05
1690	8.904839774e-05
1691	8.904839774e-05
1692	8.904839774e-05
1693	8.904839774e-05
1694	8.904839774e-05
1695	8.904839774e-05
1696	8.904839774e-05
1697	8.904839774e-05
1698	8.904839774e-05
1699	8.904839774e-05
1700	8.904839774e-05
1701	8.904839774e-05
1702	8.904839774e-05
1703	8.904839774e-05
1704	8.904839774e-05
1705	8.904839774e-05
1706	8.904839774e-05
1707	8.904839774e-05
1708	8.904839774e-05
1709	8.904839774e-05
1710	8.904839774e-05
1711	8.904839774e-05
1712	8.904839774e-05
1713	8.904839774e-05
1714	8.904839774e-05
1715	8.904839774e-05
1716	8.904839774e-05
1717	8.904839774e-05
1718	8.904839774e-05
1719	8.904839774e-05
1720	8.904839774e-05
1721	8.904839774e-05
1722	8.904839774e-05
1723	8.904839774e-05
1724	8.904839774e-05
1725	8.904839774e-05
1726	8.904839774e-05
1727	8.904839774e-05
1728	8.904839774e-05
1729	8.904839774e-05
1730	8.904839774e-05
1731	8.904839774e-05
1732	8.904839774e-05
1733	8.904839774e-05
1734	8.904839774e-05
1735	8.904839774e-05
1736	8.904839774e-05
1737	8.904839774e-05
1738	8.904839774e-05
1739	8.904839774e-05
1740	8.904839774e-05
1741	8.904839774e-05
1742	8.904839774e-05
1743	8.904839774e-05
1744	8.904839774e-05
1745	8.904839774e-05
1746	8.904839774e-05
1747	8.904839774e-05
1748	8.904839774e-05
1749	8.904839774e-05
1750	8.904839774e-05
1751	8.904839774e-05
1752	8.904839774e-05
1753	8.904839774e-05
1754	8.904839774e-05
1755	8.904839774e-05
1756	8.904839774e-05
1757	8.904839774e-05
1758	8.904839774e-05
1759	8.904839774e-05
1760	8.904839774e-05
1761	8.904839774e-05
1762	8.904839774e-05
1763	8.904839774e-05
1764	8.904839774e-05
1765	8.904839774e-05
1766	8.904839774e-05
1767	8.904839774e-05
1768	8.904839774e-05
1769	8.904839774e-05
1770	8.904839774e-05
1771	8.904839774e-05
1772	8.904839774e-05
1773	8.904839774e-05
1774	8.904839774e-05
1775	8.904839774e-05
1776	8.904839774e-05
1777	8.904839774e-05
1778	8.904839774e-05
1779	8.904839774e-05
1780	8.904839774e-05
1781	8.904839774e-05
1782	8.904839774e-05
1783	8.904839774e-05
1784	8.904839774e-05
1785	8.904839774e-05
1786	8.904839774e-05
1787	8.904839774e-05
1788	8.904839774e-05
1789	8.904839774e-05
1790	8.904839774e-05
1791	8.904839774e-05
1792	8.904839774e-05
1793	8.904839774e-05
1794	8.904839774e-05
1795	8.904839774e-05
1796	8.904839774e-05
1797	8.904839774e-05
1798	8.904839774e-05
1799	8.904839774e-05
1800	8.904839774e-05
1801	8.904839774e-05
1802	8.904839774e-05
1803	8.904839774e-05
1804	8.904839774e-05
1805	8.904839774e-05
1806	8.904839774e-05
1807	8.904839774e-05
1808	8.904839774e-05
1809	8.904839774e-05
1810	8.904839774e-05
1811	8.904839774e-05
1812	8.904839774e-05
1813	8.904839774e-05
1814	8.904839774e-05
1815	8.904839774e-05
1816	8.904839774e-05
1817	8.904839774e-05
1818	8.904839774e-05
1819	8.904839774e-05
1820	8.904839774e-05
1821	8.904839774e-05
1822	8.904839774e-05
1823	8.904839774e-05
1824	8.904839774e-05
1825	8.904839774e-05
1826	8.904839774e-05
1827	8.904839774e-05
1828	8.904839774e-05
1829	8.904839774e-05
1830	8.904839774e-05
1831	8.904839774e-05
1832	8.904839774e-05
1833	8.904839774e-05
1834	8.904839774e-05
1835	8.904839774e-05
1836	8.904839774e-05
1837	8.904839774e-05
1838	8.904839774e-05
1839	8.904839774e-05
1840	8.904839774e-05
1841	8.904839774e-05
1842	8.904839774e-05
1843	8.904839774e-05
1844	8.904839774e-05
1845	8.904839774e-05
1846	8.904839774e-05
1847	8.904839774e-05
1848	8.904839774e-05
1849	8.904839774e-05
1850	8.904839774e-05
1851	8.904839774e-05
1852	8.904839774e-05
1853	8.904839774e-05
1854	8.904839774e-05
1855	8.904839774e-05
1856	8.904839774e-05
1857	8.904839774e-05
1858	8.904839774e-05
1859	8.904839774e-05
1860	8.904839774e-05
1861	8.904839774e-05
1862	8.904839774e-05
1863	8.904839774e-05
1864	8.904839774e-05
1865	8.904839774e-05
1866	8.904839774e-05
1867	8.904839774e-05
1868	8.904839774e-05
1869	8.904839774e-05
1870	8.904839774e-05
1871	8.904839774e-05
1872	8.904839774e-05
1873	8.904839774e-05
1874	8.904839774e-05
1875	8.904839774e-05
1876	8.904839774e-05
1877	8.904839774e-05
1878	8.904839774e-05
1879	8.904839774e-05
1880	8.904839774e-05
1881	8.904839774e-05
1882	8.904839774e-05
1883	8.904839774e-05
1884	8.904839774e-05
1885	8.904839774e-05
1886	8.904839774e-05
1887	8.904839774e-05
1888	8.904839774e-05
1889	8.904839774e-05
1890	8.904839774e-05
1891	8.904839774e-05
1892	8.904839774e-05
1893	8.904839774e-05
1894	8.904839774e-05
1895	8.904839774e-05
1896	8.904839774e-05
1897	8.904839774e-05
1898	8.904839774e-05
1899	8.904839774e-05
1900	8.904839774e-05
1901	8.904839774e-05
1902	8.904839774e-05
1903	8.904839774e-05
1904	8.904839774e-05
1905	8.904839774e-05
1906	8.904839774e-05
1907	8.904839774e-05
1908	8.904839774e-05
1909	8.904839774e-05
1910	8.904839774e-05
1911	8.904839774e-05
1912	8.904839774e-05
1913	8.904839774e-05
1914	8.904839774e-05
1915	8.904839774e-05
1916	8.904839774e-05
1917	8.904839774e-05
1918	8.904839774e-05
1919	8.904839774e-05
1920	8.904839774e-05
1921	8.904839774e-05
1922	8.904839774e-05
1923	8.904839774e-05
1924	8.904839774e-05
1925	8.904839774e-05
1926	8.904839774e-05
1927	8.904839774e-05
1928	8.904839774e-05
1929	8.904839774e-05
1930	8.904839774e-05
1931	8.904839774e-05
1932	8.904839774e-05
1933	8.904839774e-05
1934	8.904839774e-05
1935	8.904839774e-05
1936	8.904839774e-05
1937	8.904839774e-05
1938	8.904839774e-05
1939	8.904839774e-05
1940	8.904839774e-05
1941	8.904839774e-05
1942	8.904839774e-05
1943	8.904839774e-05
1944	8.904839774e-05
1945	8.904839774e-05
1946	8.904839774e-05
1947	8.904839774e-05
1948	8.904839774e-05
1949	8.904839774e-05
1950	8.904839774e-05
1951	8.904839774e-05
1952	8.904839774e-05
1953	8.904839774e-05
1954	8.904839774e-05
1955	8.904839774e-05
1956	8.904839774e-05
1957	8.904839774e-05
1958	8.904839774e-05
1959	8.904839774e-05
1960	8.904839774e-05
1961	8.904839774e-05
1962	8.904839774e-05
1963	8.904839774e-05
1964	8.904839774e-05
1965	8.904839774e-05
1966	8.904839774e-05
1967	8.904839774e-05
1968	8.904839774e-05
1969	8.904839774e-05
1970	8.904839774e-05
1971	8.904839774e-05
1972	8.904839774e-05
1973	8.904839774e-05
1974	8.904839774e-05
1975	8.904839774e-05
1976	8.904839774e-05
1977	8.904839774e-05
1978	8.904839774e-05
1979	8.904839774e-05
1980	8.904839774e-05
1981	8.904839774e-05
1982	8.904839774e-05
1983	8.904839774e-05
1984	8.904839774e-05
1985	8.904839774e-05
1986	8.904839774e-05
1987	8.904839774e-05
1988	8.904839774e-05
1989	8.904839774e-05
1990	8.904839774e-05
1991	8.904839774e-05
1992	8.904839774e-05
1993	8.904839774e-05
1994	8.904839774e-05
1995	8.904839774e-05
1996	8.904839774e-05
1997	8.904839774e-05
1998	8.904839774e-05
1999	8.904839774e-05
